01 - KDK - Portra.xmp	Film - Color Negative/01 - KDK - Portra.xmp
530nm_IR_BlueSky_Foliage.xmp	Infrared/530nm_IR_BlueSky_Foliage.xmp
aerochrome_false_color_infrared.xmp	Infrared/aerochrome_false_color_infrared.xmp
Agfa Vista 400.xmp	Film - Color Negative/Agfa Vista 400.xmp
Ansel Adams Zone System.xmp	Ansel Adams Inspired/Ansel Adams Zone System.xmp
ansel_adams_menacing_vignette.xmp	Ansel Adams Inspired/ansel_adams_menacing_vignette.xmp
ansel_adams_selenium_toning.xmp	Ansel Adams Inspired/ansel_adams_selenium_toning.xmp
ansel_adams_zone_system.xmp	Ansel Adams Inspired/ansel_adams_zone_system.xmp
architectural_black_sky.xmp	Architecture/architectural_black_sky.xmp
architectural_high_contrast.xmp	Architecture/architectural_high_contrast.xmp
astro_dso_soft.json	Astronomy/astro_dso_soft.json
astro_milky_way.json	Astronomy/astro_milky_way.json
B&W HDR-1.xmp	HDR - Black and White/B&W HDR-1.xmp
B&W HDR-10.xmp	HDR - Black and White/B&W HDR-10.xmp
B&W HDR-2.xmp	HDR - Black and White/B&W HDR-2.xmp
B&W HDR-3.xmp	HDR - Black and White/B&W HDR-3.xmp
B&W HDR-4.xmp	HDR - Black and White/B&W HDR-4.xmp
B&W HDR-5.xmp	HDR - Black and White/B&W HDR-5.xmp
B&W HDR-6.xmp	HDR - Black and White/B&W HDR-6.xmp
B&W HDR-7.xmp	HDR - Black and White/B&W HDR-7.xmp
B&W HDR-8.xmp	HDR - Black and White/B&W HDR-8.xmp
B&W HDR-9.xmp	HDR - Black and White/B&W HDR-9.xmp
Bonus HDR.xmp	HDR - General/Bonus HDR.xmp
Canon80D_Unmod_530nm_IR.xmp	Infrared/Canon80D_Unmod_530nm_IR.xmp
Chromatic Cinema.xmp	Cinema and Mood/Chromatic Cinema.xmp
Cinema_Panavision_Anamorphic.xmp	Cinema and Mood/Cinema_Panavision_Anamorphic.xmp
cinematic_high_contrast.xmp	Cinema and Mood/cinematic_high_contrast.xmp
cinematic_moody_color.xmp	Cinema and Mood/cinematic_moody_color.xmp
CineStill_800T.xmp	Film - Slide and Cinema/CineStill_800T.xmp
Classic_1970s_New_Color.xmp	Vintage and Creative Film/Classic_1970s_New_Color.xmp
Contrastly - Autumn & Harvest - Leaf Booster.xmp	Landscape and Nature/Contrastly - Autumn & Harvest - Leaf Booster.xmp
Contrastly - Desaturated Cinematic - 7.xmp	Cinema and Mood/Contrastly - Desaturated Cinematic - 7.xmp
Contrastly - Dramatic HDR - HDR General.xmp	HDR - General/Contrastly - Dramatic HDR - HDR General.xmp
Contrastly - Exposure Adjust - Exp Mid Clear Shadows.xmp	Color and Adjustments/Contrastly - Exposure Adjust - Exp Mid Clear Shadows.xmp
Contrastly - Film Sims Vol 1 - Fujifilm Neopan SS 100.xmp	Black and White/Contrastly - Film Sims Vol 1 - Fujifilm Neopan SS 100.xmp
Contrastly - Film Sims Vol 2 - Agfa Vista Plus 200.xmp	Film - Color Negative/Contrastly - Film Sims Vol 2 - Agfa Vista Plus 200.xmp
Contrastly - Film Sims Vol 2 - Kodak High Definition 200.xmp	Film - Color Negative/Contrastly - Film Sims Vol 2 - Kodak High Definition 200.xmp
Contrastly - Grain Edits - Grain Mid Fine Rough Max.xmp	Color and Adjustments/Contrastly - Grain Edits - Grain Mid Fine Rough Max.xmp
Contrastly - Haze & Fade - Haze Dark Shadow Warm.xmp	Color and Adjustments/Contrastly - Haze & Fade - Haze Dark Shadow Warm.xmp
Contrastly - Infrared Sims - IR Sim Color Green Priority.xmp	Infrared/Contrastly - Infrared Sims - IR Sim Color Green Priority.xmp
Contrastly - Landscape Enhance - General 6.xmp	Landscape and Nature/Contrastly - Landscape Enhance - General 6.xmp
Contrastly - Light Leaks & Flares - Flare 4 Low.xmp	Color and Adjustments/Contrastly - Light Leaks & Flares - Flare 4 Low.xmp
Contrastly - Light Leaks & Flares - Light Leak 10.xmp	Color and Adjustments/Contrastly - Light Leaks & Flares - Light Leak 10.xmp
Contrastly - Lomography - Lomo 15.xmp	Vintage and Creative Film/Contrastly - Lomography - Lomo 15.xmp
Contrastly - Long Exposure  - Long Exposure Black.xmp	Color and Adjustments/Contrastly - Long Exposure  - Long Exposure Black.xmp
Contrastly - Matte & Pastel - Matte General.xmp	Color and Adjustments/Contrastly - Matte & Pastel - Matte General.xmp
Contrastly - Noir & Blanc - BW Specialty 1.xmp	Black and White/Contrastly - Noir & Blanc - BW Specialty 1.xmp
Contrastly - Portrait Retouch Vol 1 - Portrait General.xmp	Film - Color Negative/Contrastly - Portrait Retouch Vol 1 - Portrait General.xmp
Contrastly - Portrait Retouch Vol 2 - Portraits 2.xmp	Film - Color Negative/Contrastly - Portrait Retouch Vol 2 - Portraits 2.xmp
Contrastly - Retro & Vintage - RV General.xmp	Vintage and Creative Film/Contrastly - Retro & Vintage - RV General.xmp
Contrastly - Saturation Adjustments - Vib_Sat High Shadow.xmp	Color and Adjustments/Contrastly - Saturation Adjustments - Vib_Sat High Shadow.xmp
Contrastly - Saturation Adjustments - Vib_Sat Low Shadow.xmp	Color and Adjustments/Contrastly - Saturation Adjustments - Vib_Sat Low Shadow.xmp
Contrastly - Sharpness & Clarity - Low Tone High Contrast Sharp.xmp	Color and Adjustments/Contrastly - Sharpness & Clarity - Low Tone High Contrast Sharp.xmp
Contrastly - Solar Spots - Solar Spot 1 Low.xmp	Color and Adjustments/Contrastly - Solar Spots - Solar Spot 1 Low.xmp
Contrastly - Split Tones - Split Tone Color 2.xmp	Color and Adjustments/Contrastly - Split Tones - Split Tone Color 2.xmp
Eastman Cinema 5247.xmp	Film - Slide and Cinema/Eastman Cinema 5247.xmp
enhance_mountain_haze.xmp	Landscape and Nature/enhance_mountain_haze.xmp
ethereal_high_key_infrared.xmp	Infrared/ethereal_high_key_infrared.xmp
Fashion HDR-1.xmp	HDR - Fashion/Fashion HDR-1.xmp
Fashion Hdr-10.xmp	HDR - Fashion/Fashion Hdr-10.xmp
Fashion Hdr-11.xmp	HDR - Fashion/Fashion Hdr-11.xmp
Fashion Hdr-12.xmp	HDR - Fashion/Fashion Hdr-12.xmp
Fashion Hdr-13.xmp	HDR - Fashion/Fashion Hdr-13.xmp
Fashion Hdr-14.xmp	HDR - Fashion/Fashion Hdr-14.xmp
Fashion Hdr-15.xmp	HDR - Fashion/Fashion Hdr-15.xmp
Fashion Hdr-2.xmp	HDR - Fashion/Fashion Hdr-2.xmp
Fashion Hdr-3.xmp	HDR - Fashion/Fashion Hdr-3.xmp
Fashion Hdr-4.xmp	HDR - Fashion/Fashion Hdr-4.xmp
Fashion Hdr-5.xmp	HDR - Fashion/Fashion Hdr-5.xmp
Fashion Hdr-6.xmp	HDR - Fashion/Fashion Hdr-6.xmp
Fashion Hdr-7.xmp	HDR - Fashion/Fashion Hdr-7.xmp
Fashion Hdr-8.xmp	HDR - Fashion/Fashion Hdr-8.xmp
Fashion Hdr-9.xmp	HDR - Fashion/Fashion Hdr-9.xmp
fine_art_masterwork_landscape.xmp	Landscape and Nature/fine_art_masterwork_landscape.xmp
Fujifilm_Superia_400.xmp	Film - Color Negative/Fujifilm_Superia_400.xmp
Fujifilm_Velvia_50.xmp	Film - Slide and Cinema/Fujifilm_Velvia_50.xmp
Golden Sunset.xmp	Landscape and Nature/Golden Sunset.xmp
Green Vegetation.xmp	Landscape and Nature/Green Vegetation.xmp
Hasselblad HNCS.xmp	Camera and Lens Looks/Hasselblad HNCS.xmp
High Saturation Color Pop.xmp	Color and Adjustments/High Saturation Color Pop.xmp
Ilford HP5 Plus 400.xmp	Black and White/Ilford HP5 Plus 400.xmp
ir_mono.json	Infrared/ir_mono.json
ir_wood_effect.json	Infrared/ir_wood_effect.json
KDK - Portra.xmp	Film - Color Negative/KDK - Portra.xmp
Kodachrome_64.xmp	Film - Slide and Cinema/Kodachrome_64.xmp
Kodak Portra 160.xmp	Film - Color Negative/Kodak Portra 160.xmp
Kodak Vision3 500T.xmp	Film - Slide and Cinema/Kodak Vision3 500T.xmp
Kodak_Ektachrome_E100.xmp	Film - Slide and Cinema/Kodak_Ektachrome_E100.xmp
Kodak_Portra_400.xmp	Film - Color Negative/Kodak_Portra_400.xmp
Kodak_TriX_400.xmp	Black and White/Kodak_TriX_400.xmp
landscape_dehazed.xmp	Landscape and Nature/landscape_dehazed.xmp
landscape_dehazed_adjusted_1.xmp	Landscape and Nature/landscape_dehazed_adjusted_1.xmp
landscape_dehazed_v2.xmp	Landscape and Nature/landscape_dehazed_v2.xmp
Leica Color Science.xmp	Camera and Lens Looks/Leica Color Science.xmp
Leica_28mm_Summaron_1955.xmp	Camera and Lens Looks/Leica_28mm_Summaron_1955.xmp
Leica_35mm_Summicron_1958.xmp	Camera and Lens Looks/Leica_35mm_Summicron_1958.xmp
Leica_HDR_Marsh.xmp	Camera and Lens Looks/Leica_HDR_Marsh.xmp
Leica_Modern_HDR.xmp	Camera and Lens Looks/Leica_Modern_HDR.xmp
leica_restoration.xmp	Camera and Lens Looks/leica_restoration.xmp
Leica_Summilux.xmp	Camera and Lens Looks/Leica_Summilux.xmp
LeicaEnhancer.xmp	Camera and Lens Looks/LeicaEnhancer.xmp
Monochrome_Intense_Grit_Silver.xmp	Black and White/Monochrome_Intense_Grit_Silver.xmp
moody_dark_golden_hour.xmp	Landscape and Nature/moody_dark_golden_hour.xmp
Nature HDR-1.xmp	HDR - Nature/Nature HDR-1.xmp
Nature HDR-10.xmp	HDR - Nature/Nature HDR-10.xmp
Nature HDR-11.xmp	HDR - Nature/Nature HDR-11.xmp
Nature HDR-12.xmp	HDR - Nature/Nature HDR-12.xmp
Nature HDR-13.xmp	HDR - Nature/Nature HDR-13.xmp
Nature HDR-14.xmp	HDR - Nature/Nature HDR-14.xmp
Nature HDR-15.xmp	HDR - Nature/Nature HDR-15.xmp
Nature HDR-2.xmp	HDR - Nature/Nature HDR-2.xmp
Nature HDR-3.xmp	HDR - Nature/Nature HDR-3.xmp
Nature HDR-4.xmp	HDR - Nature/Nature HDR-4.xmp
Nature HDR-5.xmp	HDR - Nature/Nature HDR-5.xmp
Nature HDR-6.xmp	HDR - Nature/Nature HDR-6.xmp
Nature HDR-7.xmp	HDR - Nature/Nature HDR-7.xmp
Nature HDR-8.xmp	HDR - Nature/Nature HDR-8.xmp
Nature HDR-9.xmp	HDR - Nature/Nature HDR-9.xmp
neutral.json	Color and Adjustments/neutral.json
Nikon_Nikkor_AIS_1980s.xmp	Camera and Lens Looks/Nikon_Nikkor_AIS_1980s.xmp
Noctilux_Style_HighSpeed.xmp	Camera and Lens Looks/Noctilux_Style_HighSpeed.xmp
Photography HDR-1.xmp	HDR - General/Photography HDR-1.xmp
Photography HDR-10.xmp	HDR - General/Photography HDR-10.xmp
Photography HDR-11.xmp	HDR - General/Photography HDR-11.xmp
Photography HDR-12.xmp	HDR - General/Photography HDR-12.xmp
Photography HDR-13.xmp	HDR - General/Photography HDR-13.xmp
Photography HDR-14.xmp	HDR - General/Photography HDR-14.xmp
Photography HDR-15.xmp	HDR - General/Photography HDR-15.xmp
Photography HDR-16.xmp	HDR - General/Photography HDR-16.xmp
Photography HDR-17.xmp	HDR - General/Photography HDR-17.xmp
Photography HDR-18.xmp	HDR - General/Photography HDR-18.xmp
Photography HDR-19.xmp	HDR - General/Photography HDR-19.xmp
Photography HDR-2.xmp	HDR - General/Photography HDR-2.xmp
Photography HDR-20.xmp	HDR - General/Photography HDR-20.xmp
Photography HDR-21.xmp	HDR - General/Photography HDR-21.xmp
Photography HDR-22.xmp	HDR - General/Photography HDR-22.xmp
Photography HDR-23.xmp	HDR - General/Photography HDR-23.xmp
Photography HDR-24.xmp	HDR - General/Photography HDR-24.xmp
Photography HDR-25.xmp	HDR - General/Photography HDR-25.xmp
Photography HDR-26.xmp	HDR - General/Photography HDR-26.xmp
Photography HDR-27.xmp	HDR - General/Photography HDR-27.xmp
Photography HDR-28.xmp	HDR - General/Photography HDR-28.xmp
Photography HDR-29.xmp	HDR - General/Photography HDR-29.xmp
Photography HDR-3.xmp	HDR - General/Photography HDR-3.xmp
Photography HDR-30.xmp	HDR - General/Photography HDR-30.xmp
Photography HDR-31.xmp	HDR - General/Photography HDR-31.xmp
Photography HDR-32.xmp	HDR - General/Photography HDR-32.xmp
Photography HDR-33.xmp	HDR - General/Photography HDR-33.xmp
Photography HDR-34.xmp	HDR - General/Photography HDR-34.xmp
Photography HDR-35.xmp	HDR - General/Photography HDR-35.xmp
Photography HDR-36.xmp	HDR - General/Photography HDR-36.xmp
Photography HDR-37.xmp	HDR - General/Photography HDR-37.xmp
Photography HDR-38.xmp	HDR - General/Photography HDR-38.xmp
Photography HDR-39.xmp	HDR - General/Photography HDR-39.xmp
Photography HDR-4.xmp	HDR - General/Photography HDR-4.xmp
Photography HDR-40.xmp	HDR - General/Photography HDR-40.xmp
Photography HDR-5.xmp	HDR - General/Photography HDR-5.xmp
Photography HDR-6.xmp	HDR - General/Photography HDR-6.xmp
Photography HDR-7.xmp	HDR - General/Photography HDR-7.xmp
Photography HDR-8.xmp	HDR - General/Photography HDR-8.xmp
Photography HDR-9.xmp	HDR - General/Photography HDR-9.xmp
Platinum_Palladium_Monochrome.xmp	Black and White/Platinum_Palladium_Monochrome.xmp
polaroid.xmp	Vintage and Creative Film/polaroid.xmp
Portrait HDR-1.xmp	HDR - Portrait/Portrait HDR-1.xmp
Portrait HDR-10.xmp	HDR - Portrait/Portrait HDR-10.xmp
Portrait HDR-11.xmp	HDR - Portrait/Portrait HDR-11.xmp
Portrait HDR-12.xmp	HDR - Portrait/Portrait HDR-12.xmp
Portrait HDR-13.xmp	HDR - Portrait/Portrait HDR-13.xmp
Portrait HDR-14.xmp	HDR - Portrait/Portrait HDR-14.xmp
Portrait HDR-15.xmp	HDR - Portrait/Portrait HDR-15.xmp
Portrait HDR-16.xmp	HDR - Portrait/Portrait HDR-16.xmp
Portrait HDR-17.xmp	HDR - Portrait/Portrait HDR-17.xmp
Portrait HDR-18.xmp	HDR - Portrait/Portrait HDR-18.xmp
Portrait HDR-19.xmp	HDR - Portrait/Portrait HDR-19.xmp
Portrait HDR-2.xmp	HDR - Portrait/Portrait HDR-2.xmp
Portrait HDR-20.xmp	HDR - Portrait/Portrait HDR-20.xmp
Portrait HDR-21.xmp	HDR - Portrait/Portrait HDR-21.xmp
Portrait HDR-22.xmp	HDR - Portrait/Portrait HDR-22.xmp
Portrait HDR-23.xmp	HDR - Portrait/Portrait HDR-23.xmp
Portrait HDR-24.xmp	HDR - Portrait/Portrait HDR-24.xmp
Portrait HDR-25.xmp	HDR - Portrait/Portrait HDR-25.xmp
Portrait HDR-26.xmp	HDR - Portrait/Portrait HDR-26.xmp
Portrait HDR-27.xmp	HDR - Portrait/Portrait HDR-27.xmp
Portrait HDR-28.xmp	HDR - Portrait/Portrait HDR-28.xmp
Portrait HDR-29.xmp	HDR - Portrait/Portrait HDR-29.xmp
Portrait HDR-3.xmp	HDR - Portrait/Portrait HDR-3.xmp
Portrait HDR-4.xmp	HDR - Portrait/Portrait HDR-4.xmp
Portrait HDR-5.xmp	HDR - Portrait/Portrait HDR-5.xmp
Portrait HDR-6.xmp	HDR - Portrait/Portrait HDR-6.xmp
Portrait HDR-7.xmp	HDR - Portrait/Portrait HDR-7.xmp
Portrait HDR-8.xmp	HDR - Portrait/Portrait HDR-8.xmp
Portrait HDR-9.xmp	HDR - Portrait/Portrait HDR-9.xmp
Prep For Nik 9 Silver Efex.xmp	Black and White/Prep For Nik 9 Silver Efex.xmp
Prep For Silver Efex.xmp	Black and White/Prep For Silver Efex.xmp
Presetpro - Beautiful Sunrise.xmp	Landscape and Nature/Presetpro - Beautiful Sunrise.xmp
Presetpro - Gold 200.xmp	Film - Color Negative/Presetpro - Gold 200.xmp
Presetpro - Kodachrome 64.xmp	Film - Slide and Cinema/Presetpro - Kodachrome 64.xmp
Presetpro - Kodachrome 64_1.xmp	Film - Slide and Cinema/Presetpro - Kodachrome 64_1.xmp
Presetpro - Moody 35mm.xmp	Vintage and Creative Film/Presetpro - Moody 35mm.xmp
Presetpro - Moody 35mm_1.xmp	Vintage and Creative Film/Presetpro - Moody 35mm_1.xmp
Presetpro - Pastel Film.xmp	Vintage and Creative Film/Presetpro - Pastel Film.xmp
Presetpro - Pastel Film_1.xmp	Vintage and Creative Film/Presetpro - Pastel Film_1.xmp
Soviet_Helios_44_2_Swirl.xmp	Camera and Lens Looks/Soviet_Helios_44_2_Swirl.xmp
studio_fine_art_bw.xmp	Black and White/studio_fine_art_bw.xmp
Technicolor Three Strip.xmp	Film - Slide and Cinema/Technicolor Three Strip.xmp
Vintage_Zeiss_Sonnar_1930s.xmp	Camera and Lens Looks/Vintage_Zeiss_Sonnar_1930s.xmp
Vivid Blues and Greens.xmp	Color and Adjustments/Vivid Blues and Greens.xmp
vivid.json	Color and Adjustments/vivid.json
Warm and Lifted Shadows.xmp	Color and Adjustments/Warm and Lifted Shadows.xmp
